demo31,123456,123456,13614715965,13614715965@qq.com
demo32,123456,123456,13614715965,13614715965@qq.com
demo33,123456,123456,13614715965,13614715965@qq.com
demo34,123456,123456,13614715965,13614715965@qq.com
demo35,123456,123456,13614715965,13614715965@qq.com
demo36,123456,123456,13614715965,13614715965@qq.com
demo37,123456,123456,13614715965,13614715965@qq.com
demo38,123456,123456,13614715965,13614715965@qq.com
demo39,123456,123456,13614715965,13614715965@qq.com
demo40,123456,123456,13614715965,13614715965@qq.com
